file_path,resource_type,category,name,region,description,v1_agent_consumer
/mnt/c/Users/Manan Sharma/Desktop/Coding projects/Valuation/1. Books and references/Aswath Damodaran - The Dark Side of Valuation_ Valuing Young Distressed and Complex Businesses (2nd Edition) (2010 FT Press) - libgen.li.pdf,book,valuation_theory,The Dark Side of Valuation (2nd Edition),N/A,Damodaran textbook on valuing young distressed and complex businesses,"classifier, growth_estimator, narrator"
/mnt/c/Users/Manan Sharma/Desktop/Coding projects/Valuation/1. Books and references/Damodaran on Valuation 2ed{Aswath Damodaran}(2017){111967375} libgen.li.pdf,book,valuation_theory,Damodaran on Valuation (2nd Edition),N/A,Core Damodaran valuation textbook covering DCF and relative valuation,"classifier, growth_estimator, narrator"
/mnt/c/Users/Manan Sharma/Desktop/Coding projects/Valuation/2. Damodaran_Data/capital_structure/dbtfund.xls,dataset,capital_structure,dbtfund,US,Debt fundamentals by industry - debt ratios and cost of debt,"risk_assessor, dcf_engine"
/mnt/c/Users/Manan Sharma/Desktop/Coding projects/Valuation/2. Damodaran_Data/capital_structure/dbtfundChina.xls,dataset,capital_structure,dbtfundChina,China,Debt fundamentals by industry - debt ratios and cost of debt,"risk_assessor, dcf_engine"
/mnt/c/Users/Manan Sharma/Desktop/Coding projects/Valuation/2. Damodaran_Data/capital_structure/dbtfundEurope.xls,dataset,capital_structure,dbtfundEurope,Europe,Debt fundamentals by industry - debt ratios and cost of debt,"risk_assessor, dcf_engine"
/mnt/c/Users/Manan Sharma/Desktop/Coding projects/Valuation/2. Damodaran_Data/capital_structure/dbtfundGlobal.xls,dataset,capital_structure,dbtfundGlobal,Global,Debt fundamentals by industry - debt ratios and cost of debt,"risk_assessor, dcf_engine"
/mnt/c/Users/Manan Sharma/Desktop/Coding projects/Valuation/2. Damodaran_Data/capital_structure/dbtfundIndia.xls,dataset,capital_structure,dbtfundIndia,India,Debt fundamentals by industry - debt ratios and cost of debt,"risk_assessor, dcf_engine"
/mnt/c/Users/Manan Sharma/Desktop/Coding projects/Valuation/2. Damodaran_Data/capital_structure/dbtfundJapan.xls,dataset,capital_structure,dbtfundJapan,Japan,Debt fundamentals by industry - debt ratios and cost of debt,"risk_assessor, dcf_engine"
/mnt/c/Users/Manan Sharma/Desktop/Coding projects/Valuation/2. Damodaran_Data/capital_structure/dbtfundRest.xls,dataset,capital_structure,dbtfundRest,AusNZCanada,Debt fundamentals by industry - debt ratios and cost of debt,"risk_assessor, dcf_engine"
/mnt/c/Users/Manan Sharma/Desktop/Coding projects/Valuation/2. Damodaran_Data/capital_structure/dbtfundemerg.xls,dataset,capital_structure,dbtfundemerg,Emerging,Debt fundamentals by industry - debt ratios and cost of debt,"risk_assessor, dcf_engine"
/mnt/c/Users/Manan Sharma/Desktop/Coding projects/Valuation/2. Damodaran_Data/capital_structure/debtdetails.xls,dataset,capital_structure,debtdetails,US,Detailed debt breakdown by industry - maturity and structure,"risk_assessor, dcf_engine"
/mnt/c/Users/Manan Sharma/Desktop/Coding projects/Valuation/2. Damodaran_Data/capital_structure/debtdetailsChina.xls,dataset,capital_structure,debtdetailsChina,China,Detailed debt breakdown by industry - maturity and structure,"risk_assessor, dcf_engine"
/mnt/c/Users/Manan Sharma/Desktop/Coding projects/Valuation/2. Damodaran_Data/capital_structure/debtdetailsEurope.xls,dataset,capital_structure,debtdetailsEurope,Europe,Detailed debt breakdown by industry - maturity and structure,"risk_assessor, dcf_engine"
/mnt/c/Users/Manan Sharma/Desktop/Coding projects/Valuation/2. Damodaran_Data/capital_structure/debtdetailsGlobal.xls,dataset,capital_structure,debtdetailsGlobal,Global,Detailed debt breakdown by industry - maturity and structure,"risk_assessor, dcf_engine"
/mnt/c/Users/Manan Sharma/Desktop/Coding projects/Valuation/2. Damodaran_Data/capital_structure/debtdetailsIndia.xls,dataset,capital_structure,debtdetailsIndia,India,Detailed debt breakdown by industry - maturity and structure,"risk_assessor, dcf_engine"
/mnt/c/Users/Manan Sharma/Desktop/Coding projects/Valuation/2. Damodaran_Data/capital_structure/debtdetailsJapan.xls,dataset,capital_structure,debtdetailsJapan,Japan,Detailed debt breakdown by industry - maturity and structure,"risk_assessor, dcf_engine"
/mnt/c/Users/Manan Sharma/Desktop/Coding projects/Valuation/2. Damodaran_Data/capital_structure/debtdetailsRest.xls,dataset,capital_structure,debtdetailsRest,AusNZCanada,Detailed debt breakdown by industry - maturity and structure,"risk_assessor, dcf_engine"
/mnt/c/Users/Manan Sharma/Desktop/Coding projects/Valuation/2. Damodaran_Data/capital_structure/debtdetailsemerg.xls,dataset,capital_structure,debtdetailsemerg,Emerging,Detailed debt breakdown by industry - maturity and structure,"risk_assessor, dcf_engine"
/mnt/c/Users/Manan Sharma/Desktop/Coding projects/Valuation/2. Damodaran_Data/capital_structure/leaseeffect.xls,dataset,capital_structure,leaseeffect,US,Operating lease effect on debt and returns by industry,"risk_assessor, dcf_engine"
/mnt/c/Users/Manan Sharma/Desktop/Coding projects/Valuation/2. Damodaran_Data/capital_structure/leaseeffectChina.xls,dataset,capital_structure,leaseeffectChina,China,Operating lease effect on debt and returns by industry,"risk_assessor, dcf_engine"
/mnt/c/Users/Manan Sharma/Desktop/Coding projects/Valuation/2. Damodaran_Data/capital_structure/leaseeffectEurope.xls,dataset,capital_structure,leaseeffectEurope,Europe,Operating lease effect on debt and returns by industry,"risk_assessor, dcf_engine"
/mnt/c/Users/Manan Sharma/Desktop/Coding projects/Valuation/2. Damodaran_Data/capital_structure/leaseeffectGlobal.xls,dataset,capital_structure,leaseeffectGlobal,Global,Operating lease effect on debt and returns by industry,"risk_assessor, dcf_engine"
/mnt/c/Users/Manan Sharma/Desktop/Coding projects/Valuation/2. Damodaran_Data/capital_structure/leaseeffectIndia.xls,dataset,capital_structure,leaseeffectIndia,India,Operating lease effect on debt and returns by industry,"risk_assessor, dcf_engine"
/mnt/c/Users/Manan Sharma/Desktop/Coding projects/Valuation/2. Damodaran_Data/capital_structure/leaseeffectJapan.xls,dataset,capital_structure,leaseeffectJapan,Japan,Operating lease effect on debt and returns by industry,"risk_assessor, dcf_engine"
/mnt/c/Users/Manan Sharma/Desktop/Coding projects/Valuation/2. Damodaran_Data/capital_structure/leaseeffectRest.xls,dataset,capital_structure,leaseeffectRest,AusNZCanada,Operating lease effect on debt and returns by industry,"risk_assessor, dcf_engine"
/mnt/c/Users/Manan Sharma/Desktop/Coding projects/Valuation/2. Damodaran_Data/capital_structure/leaseeffectemerg.xls,dataset,capital_structure,leaseeffectemerg,Emerging,Operating lease effect on debt and returns by industry,"risk_assessor, dcf_engine"
/mnt/c/Users/Manan Sharma/Desktop/Coding projects/Valuation/2. Damodaran_Data/capital_structure/macro.xls,dataset,capital_structure,macro,Global,Macro-economic data including interest rates and inflation,"risk_assessor, dcf_engine"
/mnt/c/Users/Manan Sharma/Desktop/Coding projects/Valuation/2. Damodaran_Data/capital_structure/macrodur.xls,dataset,capital_structure,macrodur,Global,Macro-economic duration data for capital structure analysis,"risk_assessor, dcf_engine"
/mnt/c/Users/Manan Sharma/Desktop/Coding projects/Valuation/2. Damodaran_Data/capital_structure/ratings.xls,dataset,capital_structure,ratings,Global,Bond ratings and interest coverage ratios by industry,"risk_assessor, dcf_engine"
/mnt/c/Users/Manan Sharma/Desktop/Coding projects/Valuation/2. Damodaran_Data/cash_flow_estimation/R&D.xls,dataset,cash_flow_estimation,R&D,US,R&D capitalization data by industry - amortizable life and asset value,"dcf_engine, growth_estimator"
/mnt/c/Users/Manan Sharma/Desktop/Coding projects/Valuation/2. Damodaran_Data/cash_flow_estimation/R&DChina.xls,dataset,cash_flow_estimation,R&DChina,China,R&D capitalization data by industry - amortizable life and asset value,"dcf_engine, growth_estimator"
/mnt/c/Users/Manan Sharma/Desktop/Coding projects/Valuation/2. Damodaran_Data/cash_flow_estimation/R&DEurope.xls,dataset,cash_flow_estimation,R&DEurope,Europe,R&D capitalization data by industry - amortizable life and asset value,"dcf_engine, growth_estimator"
/mnt/c/Users/Manan Sharma/Desktop/Coding projects/Valuation/2. Damodaran_Data/cash_flow_estimation/R&DGlobal.xls,dataset,cash_flow_estimation,R&DGlobal,Global,R&D capitalization data by industry - amortizable life and asset value,"dcf_engine, growth_estimator"
/mnt/c/Users/Manan Sharma/Desktop/Coding projects/Valuation/2. Damodaran_Data/cash_flow_estimation/R&DIndia.xls,dataset,cash_flow_estimation,R&DIndia,India,R&D capitalization data by industry - amortizable life and asset value,"dcf_engine, growth_estimator"
/mnt/c/Users/Manan Sharma/Desktop/Coding projects/Valuation/2. Damodaran_Data/cash_flow_estimation/R&DJapan.xls,dataset,cash_flow_estimation,R&DJapan,Japan,R&D capitalization data by industry - amortizable life and asset value,"dcf_engine, growth_estimator"
/mnt/c/Users/Manan Sharma/Desktop/Coding projects/Valuation/2. Damodaran_Data/cash_flow_estimation/R&DRest.xls,dataset,cash_flow_estimation,R&DRest,AusNZCanada,R&D capitalization data by industry - amortizable life and asset value,"dcf_engine, growth_estimator"
/mnt/c/Users/Manan Sharma/Desktop/Coding projects/Valuation/2. Damodaran_Data/cash_flow_estimation/R&Demerg.xls,dataset,cash_flow_estimation,R&Demerg,Emerging,R&D capitalization data by industry - amortizable life and asset value,"dcf_engine, growth_estimator"
/mnt/c/Users/Manan Sharma/Desktop/Coding projects/Valuation/2. Damodaran_Data/cash_flow_estimation/capex.xls,dataset,cash_flow_estimation,capex,US,Capital expenditure and depreciation by industry,"dcf_engine, growth_estimator"
/mnt/c/Users/Manan Sharma/Desktop/Coding projects/Valuation/2. Damodaran_Data/cash_flow_estimation/capexChina.xls,dataset,cash_flow_estimation,capexChina,China,Capital expenditure and depreciation by industry,"dcf_engine, growth_estimator"
/mnt/c/Users/Manan Sharma/Desktop/Coding projects/Valuation/2. Damodaran_Data/cash_flow_estimation/capexEurope.xls,dataset,cash_flow_estimation,capexEurope,Europe,Capital expenditure and depreciation by industry,"dcf_engine, growth_estimator"
/mnt/c/Users/Manan Sharma/Desktop/Coding projects/Valuation/2. Damodaran_Data/cash_flow_estimation/capexGlobal.xls,dataset,cash_flow_estimation,capexGlobal,Global,Capital expenditure and depreciation by industry,"dcf_engine, growth_estimator"
/mnt/c/Users/Manan Sharma/Desktop/Coding projects/Valuation/2. Damodaran_Data/cash_flow_estimation/capexIndia.xls,dataset,cash_flow_estimation,capexIndia,India,Capital expenditure and depreciation by industry,"dcf_engine, growth_estimator"
/mnt/c/Users/Manan Sharma/Desktop/Coding projects/Valuation/2. Damodaran_Data/cash_flow_estimation/capexJapan.xls,dataset,cash_flow_estimation,capexJapan,Japan,Capital expenditure and depreciation by industry,"dcf_engine, growth_estimator"
/mnt/c/Users/Manan Sharma/Desktop/Coding projects/Valuation/2. Damodaran_Data/cash_flow_estimation/capexRest.xls,dataset,cash_flow_estimation,capexRest,AusNZCanada,Capital expenditure and depreciation by industry,"dcf_engine, growth_estimator"
/mnt/c/Users/Manan Sharma/Desktop/Coding projects/Valuation/2. Damodaran_Data/cash_flow_estimation/capexemerg.xls,dataset,cash_flow_estimation,capexemerg,Emerging,Capital expenditure and depreciation by industry,"dcf_engine, growth_estimator"
/mnt/c/Users/Manan Sharma/Desktop/Coding projects/Valuation/2. Damodaran_Data/cash_flow_estimation/finflows.xls,dataset,cash_flow_estimation,finflows,US,Financial cash flows - dividends buybacks and debt repayment by industry,"dcf_engine, growth_estimator"
/mnt/c/Users/Manan Sharma/Desktop/Coding projects/Valuation/2. Damodaran_Data/cash_flow_estimation/finflowsChina.xls,dataset,cash_flow_estimation,finflowsChina,China,Financial cash flows - dividends buybacks and debt repayment by industry,"dcf_engine, growth_estimator"
/mnt/c/Users/Manan Sharma/Desktop/Coding projects/Valuation/2. Damodaran_Data/cash_flow_estimation/finflowsEurope.xls,dataset,cash_flow_estimation,finflowsEurope,Europe,Financial cash flows - dividends buybacks and debt repayment by industry,"dcf_engine, growth_estimator"
/mnt/c/Users/Manan Sharma/Desktop/Coding projects/Valuation/2. Damodaran_Data/cash_flow_estimation/finflowsGlobal.xls,dataset,cash_flow_estimation,finflowsGlobal,Global,Financial cash flows - dividends buybacks and debt repayment by industry,"dcf_engine, growth_estimator"
/mnt/c/Users/Manan Sharma/Desktop/Coding projects/Valuation/2. Damodaran_Data/cash_flow_estimation/finflowsIndia.xls,dataset,cash_flow_estimation,finflowsIndia,India,Financial cash flows - dividends buybacks and debt repayment by industry,"dcf_engine, growth_estimator"
/mnt/c/Users/Manan Sharma/Desktop/Coding projects/Valuation/2. Damodaran_Data/cash_flow_estimation/finflowsJapan.xls,dataset,cash_flow_estimation,finflowsJapan,Japan,Financial cash flows - dividends buybacks and debt repayment by industry,"dcf_engine, growth_estimator"
/mnt/c/Users/Manan Sharma/Desktop/Coding projects/Valuation/2. Damodaran_Data/cash_flow_estimation/finflowsRest.xls,dataset,cash_flow_estimation,finflowsRest,AusNZCanada,Financial cash flows - dividends buybacks and debt repayment by industry,"dcf_engine, growth_estimator"
/mnt/c/Users/Manan Sharma/Desktop/Coding projects/Valuation/2. Damodaran_Data/cash_flow_estimation/finflowsemerg.xls,dataset,cash_flow_estimation,finflowsemerg,Emerging,Financial cash flows - dividends buybacks and debt repayment by industry,"dcf_engine, growth_estimator"
/mnt/c/Users/Manan Sharma/Desktop/Coding projects/Valuation/2. Damodaran_Data/cash_flow_estimation/goodwill.xls,dataset,cash_flow_estimation,goodwill,US,Goodwill as percentage of assets and acquisition activity by industry,"dcf_engine, growth_estimator"
/mnt/c/Users/Manan Sharma/Desktop/Coding projects/Valuation/2. Damodaran_Data/cash_flow_estimation/goodwillChina.xls,dataset,cash_flow_estimation,goodwillChina,China,Goodwill as percentage of assets and acquisition activity by industry,"dcf_engine, growth_estimator"
/mnt/c/Users/Manan Sharma/Desktop/Coding projects/Valuation/2. Damodaran_Data/cash_flow_estimation/goodwillEurope.xls,dataset,cash_flow_estimation,goodwillEurope,Europe,Goodwill as percentage of assets and acquisition activity by industry,"dcf_engine, growth_estimator"
/mnt/c/Users/Manan Sharma/Desktop/Coding projects/Valuation/2. Damodaran_Data/cash_flow_estimation/goodwillGlobal.xls,dataset,cash_flow_estimation,goodwillGlobal,Global,Goodwill as percentage of assets and acquisition activity by industry,"dcf_engine, growth_estimator"
/mnt/c/Users/Manan Sharma/Desktop/Coding projects/Valuation/2. Damodaran_Data/cash_flow_estimation/goodwillIndia.xls,dataset,cash_flow_estimation,goodwillIndia,India,Goodwill as percentage of assets and acquisition activity by industry,"dcf_engine, growth_estimator"
/mnt/c/Users/Manan Sharma/Desktop/Coding projects/Valuation/2. Damodaran_Data/cash_flow_estimation/goodwillJapan.xls,dataset,cash_flow_estimation,goodwillJapan,Japan,Goodwill as percentage of assets and acquisition activity by industry,"dcf_engine, growth_estimator"
/mnt/c/Users/Manan Sharma/Desktop/Coding projects/Valuation/2. Damodaran_Data/cash_flow_estimation/goodwillRest.xls,dataset,cash_flow_estimation,goodwillRest,AusNZCanada,Goodwill as percentage of assets and acquisition activity by industry,"dcf_engine, growth_estimator"
/mnt/c/Users/Manan Sharma/Desktop/Coding projects/Valuation/2. Damodaran_Data/cash_flow_estimation/goodwillemerg.xls,dataset,cash_flow_estimation,goodwillemerg,Emerging,Goodwill as percentage of assets and acquisition activity by industry,"dcf_engine, growth_estimator"
/mnt/c/Users/Manan Sharma/Desktop/Coding projects/Valuation/2. Damodaran_Data/cash_flow_estimation/margin.xls,dataset,cash_flow_estimation,margin,US,Operating and net margins by industry,"dcf_engine, growth_estimator"
/mnt/c/Users/Manan Sharma/Desktop/Coding projects/Valuation/2. Damodaran_Data/cash_flow_estimation/marginChina.xls,dataset,cash_flow_estimation,marginChina,China,Operating and net margins by industry,"dcf_engine, growth_estimator"
/mnt/c/Users/Manan Sharma/Desktop/Coding projects/Valuation/2. Damodaran_Data/cash_flow_estimation/marginEurope.xls,dataset,cash_flow_estimation,marginEurope,Europe,Operating and net margins by industry,"dcf_engine, growth_estimator"
/mnt/c/Users/Manan Sharma/Desktop/Coding projects/Valuation/2. Damodaran_Data/cash_flow_estimation/marginGlobal.xls,dataset,cash_flow_estimation,marginGlobal,Global,Operating and net margins by industry,"dcf_engine, growth_estimator"
/mnt/c/Users/Manan Sharma/Desktop/Coding projects/Valuation/2. Damodaran_Data/cash_flow_estimation/marginIndia.xls,dataset,cash_flow_estimation,marginIndia,India,Operating and net margins by industry,"dcf_engine, growth_estimator"
/mnt/c/Users/Manan Sharma/Desktop/Coding projects/Valuation/2. Damodaran_Data/cash_flow_estimation/marginJapan.xls,dataset,cash_flow_estimation,marginJapan,Japan,Operating and net margins by industry,"dcf_engine, growth_estimator"
/mnt/c/Users/Manan Sharma/Desktop/Coding projects/Valuation/2. Damodaran_Data/cash_flow_estimation/marginRest.xls,dataset,cash_flow_estimation,marginRest,AusNZCanada,Operating and net margins by industry,"dcf_engine, growth_estimator"
/mnt/c/Users/Manan Sharma/Desktop/Coding projects/Valuation/2. Damodaran_Data/cash_flow_estimation/marginemerg.xls,dataset,cash_flow_estimation,marginemerg,Emerging,Operating and net margins by industry,"dcf_engine, growth_estimator"
/mnt/c/Users/Manan Sharma/Desktop/Coding projects/Valuation/2. Damodaran_Data/cash_flow_estimation/wcdata.xls,dataset,cash_flow_estimation,wcdata,US,Working capital requirements as percentage of revenue by industry,"dcf_engine, growth_estimator"
/mnt/c/Users/Manan Sharma/Desktop/Coding projects/Valuation/2. Damodaran_Data/cash_flow_estimation/wcdataChina.xls,dataset,cash_flow_estimation,wcdataChina,China,Working capital requirements as percentage of revenue by industry,"dcf_engine, growth_estimator"
/mnt/c/Users/Manan Sharma/Desktop/Coding projects/Valuation/2. Damodaran_Data/cash_flow_estimation/wcdataEurope.xls,dataset,cash_flow_estimation,wcdataEurope,Europe,Working capital requirements as percentage of revenue by industry,"dcf_engine, growth_estimator"
/mnt/c/Users/Manan Sharma/Desktop/Coding projects/Valuation/2. Damodaran_Data/cash_flow_estimation/wcdataGlobal.xls,dataset,cash_flow_estimation,wcdataGlobal,Global,Working capital requirements as percentage of revenue by industry,"dcf_engine, growth_estimator"
/mnt/c/Users/Manan Sharma/Desktop/Coding projects/Valuation/2. Damodaran_Data/cash_flow_estimation/wcdataIndia.xls,dataset,cash_flow_estimation,wcdataIndia,India,Working capital requirements as percentage of revenue by industry,"dcf_engine, growth_estimator"
/mnt/c/Users/Manan Sharma/Desktop/Coding projects/Valuation/2. Damodaran_Data/cash_flow_estimation/wcdataJapan.xls,dataset,cash_flow_estimation,wcdataJapan,Japan,Working capital requirements as percentage of revenue by industry,"dcf_engine, growth_estimator"
/mnt/c/Users/Manan Sharma/Desktop/Coding projects/Valuation/2. Damodaran_Data/cash_flow_estimation/wcdataRest.xls,dataset,cash_flow_estimation,wcdataRest,AusNZCanada,Working capital requirements as percentage of revenue by industry,"dcf_engine, growth_estimator"
/mnt/c/Users/Manan Sharma/Desktop/Coding projects/Valuation/2. Damodaran_Data/cash_flow_estimation/wcdataemerg.xls,dataset,cash_flow_estimation,wcdataemerg,Emerging,Working capital requirements as percentage of revenue by industry,"dcf_engine, growth_estimator"
/mnt/c/Users/Manan Sharma/Desktop/Coding projects/Valuation/2. Damodaran_Data/corporate_governance/inshold.xls,dataset,corporate_governance,inshold,US,Insider and institutional holdings by industry,cross_validator
/mnt/c/Users/Manan Sharma/Desktop/Coding projects/Valuation/2. Damodaran_Data/corporate_governance/insholdChina.xls,dataset,corporate_governance,insholdChina,China,Insider and institutional holdings by industry,cross_validator
/mnt/c/Users/Manan Sharma/Desktop/Coding projects/Valuation/2. Damodaran_Data/corporate_governance/insholdEurope.xls,dataset,corporate_governance,insholdEurope,Europe,Insider and institutional holdings by industry,cross_validator
/mnt/c/Users/Manan Sharma/Desktop/Coding projects/Valuation/2. Damodaran_Data/corporate_governance/insholdGlobal.xls,dataset,corporate_governance,insholdGlobal,Global,Insider and institutional holdings by industry,cross_validator
/mnt/c/Users/Manan Sharma/Desktop/Coding projects/Valuation/2. Damodaran_Data/corporate_governance/insholdIndia.xls,dataset,corporate_governance,insholdIndia,India,Insider and institutional holdings by industry,cross_validator
/mnt/c/Users/Manan Sharma/Desktop/Coding projects/Valuation/2. Damodaran_Data/corporate_governance/insholdJapan.xls,dataset,corporate_governance,insholdJapan,Japan,Insider and institutional holdings by industry,cross_validator
/mnt/c/Users/Manan Sharma/Desktop/Coding projects/Valuation/2. Damodaran_Data/corporate_governance/insholdRest.xls,dataset,corporate_governance,insholdRest,AusNZCanada,Insider and institutional holdings by industry,cross_validator
/mnt/c/Users/Manan Sharma/Desktop/Coding projects/Valuation/2. Damodaran_Data/corporate_governance/insholdemerg.xls,dataset,corporate_governance,insholdemerg,Emerging,Insider and institutional holdings by industry,cross_validator
/mnt/c/Users/Manan Sharma/Desktop/Coding projects/Valuation/2. Damodaran_Data/dividend_policy/divfcfe.xls,dataset,dividend_policy,divfcfe,US,Dividends versus FCFE - cash returned relative to free cash flow by industry,dcf_engine
/mnt/c/Users/Manan Sharma/Desktop/Coding projects/Valuation/2. Damodaran_Data/dividend_policy/divfcfeChina.xls,dataset,dividend_policy,divfcfeChina,China,Dividends versus FCFE - cash returned relative to free cash flow by industry,dcf_engine
/mnt/c/Users/Manan Sharma/Desktop/Coding projects/Valuation/2. Damodaran_Data/dividend_policy/divfcfeEurope.xls,dataset,dividend_policy,divfcfeEurope,Europe,Dividends versus FCFE - cash returned relative to free cash flow by industry,dcf_engine
/mnt/c/Users/Manan Sharma/Desktop/Coding projects/Valuation/2. Damodaran_Data/dividend_policy/divfcfeGlobal.xls,dataset,dividend_policy,divfcfeGlobal,Global,Dividends versus FCFE - cash returned relative to free cash flow by industry,dcf_engine
/mnt/c/Users/Manan Sharma/Desktop/Coding projects/Valuation/2. Damodaran_Data/dividend_policy/divfcfeIndia.xls,dataset,dividend_policy,divfcfeIndia,India,Dividends versus FCFE - cash returned relative to free cash flow by industry,dcf_engine
/mnt/c/Users/Manan Sharma/Desktop/Coding projects/Valuation/2. Damodaran_Data/dividend_policy/divfcfeJapan.xls,dataset,dividend_policy,divfcfeJapan,Japan,Dividends versus FCFE - cash returned relative to free cash flow by industry,dcf_engine
/mnt/c/Users/Manan Sharma/Desktop/Coding projects/Valuation/2. Damodaran_Data/dividend_policy/divfcfeRest.xls,dataset,dividend_policy,divfcfeRest,AusNZCanada,Dividends versus FCFE - cash returned relative to free cash flow by industry,dcf_engine
/mnt/c/Users/Manan Sharma/Desktop/Coding projects/Valuation/2. Damodaran_Data/dividend_policy/divfcfeemerg.xls,dataset,dividend_policy,divfcfeemerg,Emerging,Dividends versus FCFE - cash returned relative to free cash flow by industry,dcf_engine
/mnt/c/Users/Manan Sharma/Desktop/Coding projects/Valuation/2. Damodaran_Data/dividend_policy/divfund.xls,dataset,dividend_policy,divfund,US,Dividend policy fundamentals - payout ratios and dividend yields by industry,dcf_engine
/mnt/c/Users/Manan Sharma/Desktop/Coding projects/Valuation/2. Damodaran_Data/dividend_policy/divfundChina.xls,dataset,dividend_policy,divfundChina,China,Dividend policy fundamentals - payout ratios and dividend yields by industry,dcf_engine
/mnt/c/Users/Manan Sharma/Desktop/Coding projects/Valuation/2. Damodaran_Data/dividend_policy/divfundEurope.xls,dataset,dividend_policy,divfundEurope,Europe,Dividend policy fundamentals - payout ratios and dividend yields by industry,dcf_engine
/mnt/c/Users/Manan Sharma/Desktop/Coding projects/Valuation/2. Damodaran_Data/dividend_policy/divfundGlobal.xls,dataset,dividend_policy,divfundGlobal,Global,Dividend policy fundamentals - payout ratios and dividend yields by industry,dcf_engine
/mnt/c/Users/Manan Sharma/Desktop/Coding projects/Valuation/2. Damodaran_Data/dividend_policy/divfundIndia.xls,dataset,dividend_policy,divfundIndia,India,Dividend policy fundamentals - payout ratios and dividend yields by industry,dcf_engine
/mnt/c/Users/Manan Sharma/Desktop/Coding projects/Valuation/2. Damodaran_Data/dividend_policy/divfundJapan.xls,dataset,dividend_policy,divfundJapan,Japan,Dividend policy fundamentals - payout ratios and dividend yields by industry,dcf_engine
/mnt/c/Users/Manan Sharma/Desktop/Coding projects/Valuation/2. Damodaran_Data/dividend_policy/divfundRest.xls,dataset,dividend_policy,divfundRest,AusNZCanada,Dividend policy fundamentals - payout ratios and dividend yields by industry,dcf_engine
/mnt/c/Users/Manan Sharma/Desktop/Coding projects/Valuation/2. Damodaran_Data/dividend_policy/divfundemerg.xls,dataset,dividend_policy,divfundemerg,Emerging,Dividend policy fundamentals - payout ratios and dividend yields by industry,dcf_engine
/mnt/c/Users/Manan Sharma/Desktop/Coding projects/Valuation/2. Damodaran_Data/growth_rate_estimation/fundgr.xls,dataset,growth_rate_estimation,fundgr,US,Fundamental growth rate estimates - equity reinvestment and ROE by industry,growth_estimator
/mnt/c/Users/Manan Sharma/Desktop/Coding projects/Valuation/2. Damodaran_Data/growth_rate_estimation/fundgrChina.xls,dataset,growth_rate_estimation,fundgrChina,China,Fundamental growth rate estimates - equity reinvestment and ROE by industry,growth_estimator
/mnt/c/Users/Manan Sharma/Desktop/Coding projects/Valuation/2. Damodaran_Data/growth_rate_estimation/fundgrEB.xls,dataset,growth_rate_estimation,fundgrEB,US,Fundamental growth rate estimates based on EBIT reinvestment and ROIC by industry,growth_estimator
/mnt/c/Users/Manan Sharma/Desktop/Coding projects/Valuation/2. Damodaran_Data/growth_rate_estimation/fundgrEBChina.xls,dataset,growth_rate_estimation,fundgrEBChina,China,Fundamental growth rate estimates based on EBIT reinvestment and ROIC by industry,growth_estimator
/mnt/c/Users/Manan Sharma/Desktop/Coding projects/Valuation/2. Damodaran_Data/growth_rate_estimation/fundgrEBEurope.xls,dataset,growth_rate_estimation,fundgrEBEurope,Europe,Fundamental growth rate estimates based on EBIT reinvestment and ROIC by industry,growth_estimator
/mnt/c/Users/Manan Sharma/Desktop/Coding projects/Valuation/2. Damodaran_Data/growth_rate_estimation/fundgrEBGlobal.xls,dataset,growth_rate_estimation,fundgrEBGlobal,Global,Fundamental growth rate estimates based on EBIT reinvestment and ROIC by industry,growth_estimator
/mnt/c/Users/Manan Sharma/Desktop/Coding projects/Valuation/2. Damodaran_Data/growth_rate_estimation/fundgrEBIndia.xls,dataset,growth_rate_estimation,fundgrEBIndia,India,Fundamental growth rate estimates based on EBIT reinvestment and ROIC by industry,growth_estimator
/mnt/c/Users/Manan Sharma/Desktop/Coding projects/Valuation/2. Damodaran_Data/growth_rate_estimation/fundgrEBJapan.xls,dataset,growth_rate_estimation,fundgrEBJapan,Japan,Fundamental growth rate estimates based on EBIT reinvestment and ROIC by industry,growth_estimator
/mnt/c/Users/Manan Sharma/Desktop/Coding projects/Valuation/2. Damodaran_Data/growth_rate_estimation/fundgrEBRest.xls,dataset,growth_rate_estimation,fundgrEBRest,AusNZCanada,Fundamental growth rate estimates based on EBIT reinvestment and ROIC by industry,growth_estimator
/mnt/c/Users/Manan Sharma/Desktop/Coding projects/Valuation/2. Damodaran_Data/growth_rate_estimation/fundgrEBemerg.xls,dataset,growth_rate_estimation,fundgrEBemerg,Emerging,Fundamental growth rate estimates based on EBIT reinvestment and ROIC by industry,growth_estimator
/mnt/c/Users/Manan Sharma/Desktop/Coding projects/Valuation/2. Damodaran_Data/growth_rate_estimation/fundgrEurope.xls,dataset,growth_rate_estimation,fundgrEurope,Europe,Fundamental growth rate estimates - equity reinvestment and ROE by industry,growth_estimator
/mnt/c/Users/Manan Sharma/Desktop/Coding projects/Valuation/2. Damodaran_Data/growth_rate_estimation/fundgrGlobal.xls,dataset,growth_rate_estimation,fundgrGlobal,Global,Fundamental growth rate estimates - equity reinvestment and ROE by industry,growth_estimator
/mnt/c/Users/Manan Sharma/Desktop/Coding projects/Valuation/2. Damodaran_Data/growth_rate_estimation/fundgrIndia.xls,dataset,growth_rate_estimation,fundgrIndia,India,Fundamental growth rate estimates - equity reinvestment and ROE by industry,growth_estimator
/mnt/c/Users/Manan Sharma/Desktop/Coding projects/Valuation/2. Damodaran_Data/growth_rate_estimation/fundgrJapan.xls,dataset,growth_rate_estimation,fundgrJapan,Japan,Fundamental growth rate estimates - equity reinvestment and ROE by industry,growth_estimator
/mnt/c/Users/Manan Sharma/Desktop/Coding projects/Valuation/2. Damodaran_Data/growth_rate_estimation/fundgrRest.xls,dataset,growth_rate_estimation,fundgrRest,AusNZCanada,Fundamental growth rate estimates - equity reinvestment and ROE by industry,growth_estimator
/mnt/c/Users/Manan Sharma/Desktop/Coding projects/Valuation/2. Damodaran_Data/growth_rate_estimation/fundgremerg.xls,dataset,growth_rate_estimation,fundgremerg,Emerging,Fundamental growth rate estimates - equity reinvestment and ROE by industry,growth_estimator
/mnt/c/Users/Manan Sharma/Desktop/Coding projects/Valuation/2. Damodaran_Data/growth_rate_estimation/histgr.xls,dataset,growth_rate_estimation,histgr,US,Historical growth rates in revenue and earnings by industry,growth_estimator
/mnt/c/Users/Manan Sharma/Desktop/Coding projects/Valuation/2. Damodaran_Data/growth_rate_estimation/histgrChina.xls,dataset,growth_rate_estimation,histgrChina,China,Historical growth rates in revenue and earnings by industry,growth_estimator
/mnt/c/Users/Manan Sharma/Desktop/Coding projects/Valuation/2. Damodaran_Data/growth_rate_estimation/histgrEurope.xls,dataset,growth_rate_estimation,histgrEurope,Europe,Historical growth rates in revenue and earnings by industry,growth_estimator
/mnt/c/Users/Manan Sharma/Desktop/Coding projects/Valuation/2. Damodaran_Data/growth_rate_estimation/histgrGlobal.xls,dataset,growth_rate_estimation,histgrGlobal,Global,Historical growth rates in revenue and earnings by industry,growth_estimator
/mnt/c/Users/Manan Sharma/Desktop/Coding projects/Valuation/2. Damodaran_Data/growth_rate_estimation/histgrIndia.xls,dataset,growth_rate_estimation,histgrIndia,India,Historical growth rates in revenue and earnings by industry,growth_estimator
/mnt/c/Users/Manan Sharma/Desktop/Coding projects/Valuation/2. Damodaran_Data/growth_rate_estimation/histgrJapan.xls,dataset,growth_rate_estimation,histgrJapan,Japan,Historical growth rates in revenue and earnings by industry,growth_estimator
/mnt/c/Users/Manan Sharma/Desktop/Coding projects/Valuation/2. Damodaran_Data/growth_rate_estimation/histgrRest.xls,dataset,growth_rate_estimation,histgrRest,AusNZCanada,Historical growth rates in revenue and earnings by industry,growth_estimator
/mnt/c/Users/Manan Sharma/Desktop/Coding projects/Valuation/2. Damodaran_Data/growth_rate_estimation/histgremerg.xls,dataset,growth_rate_estimation,histgremerg,Emerging,Historical growth rates in revenue and earnings by industry,growth_estimator
/mnt/c/Users/Manan Sharma/Desktop/Coding projects/Valuation/2. Damodaran_Data/growth_rate_estimation/roe.xls,dataset,growth_rate_estimation,roe,US,Return on equity by industry,growth_estimator
/mnt/c/Users/Manan Sharma/Desktop/Coding projects/Valuation/2. Damodaran_Data/growth_rate_estimation/roeChina.xls,dataset,growth_rate_estimation,roeChina,China,Return on equity by industry,growth_estimator
/mnt/c/Users/Manan Sharma/Desktop/Coding projects/Valuation/2. Damodaran_Data/growth_rate_estimation/roeEurope.xls,dataset,growth_rate_estimation,roeEurope,Europe,Return on equity by industry,growth_estimator
/mnt/c/Users/Manan Sharma/Desktop/Coding projects/Valuation/2. Damodaran_Data/growth_rate_estimation/roeGlobal.xls,dataset,growth_rate_estimation,roeGlobal,Global,Return on equity by industry,growth_estimator
/mnt/c/Users/Manan Sharma/Desktop/Coding projects/Valuation/2. Damodaran_Data/growth_rate_estimation/roeIndia.xls,dataset,growth_rate_estimation,roeIndia,India,Return on equity by industry,growth_estimator
/mnt/c/Users/Manan Sharma/Desktop/Coding projects/Valuation/2. Damodaran_Data/growth_rate_estimation/roeJapan.xls,dataset,growth_rate_estimation,roeJapan,Japan,Return on equity by industry,growth_estimator
/mnt/c/Users/Manan Sharma/Desktop/Coding projects/Valuation/2. Damodaran_Data/growth_rate_estimation/roeRest.xls,dataset,growth_rate_estimation,roeRest,AusNZCanada,Return on equity by industry,growth_estimator
/mnt/c/Users/Manan Sharma/Desktop/Coding projects/Valuation/2. Damodaran_Data/growth_rate_estimation/roeemerg.xls,dataset,growth_rate_estimation,roeemerg,Emerging,Return on equity by industry,growth_estimator
/mnt/c/Users/Manan Sharma/Desktop/Coding projects/Valuation/2. Damodaran_Data/investment_returns/DollarChina.xls,dataset,investment_returns,DollarChina,China,Dollar-denominated returns and revenue breakdown by industry,cross_validator
/mnt/c/Users/Manan Sharma/Desktop/Coding projects/Valuation/2. Damodaran_Data/investment_returns/DollarEurope.xls,dataset,investment_returns,DollarEurope,Europe,Dollar-denominated returns and revenue breakdown by industry,cross_validator
/mnt/c/Users/Manan Sharma/Desktop/Coding projects/Valuation/2. Damodaran_Data/investment_returns/DollarGlobal.xls,dataset,investment_returns,DollarGlobal,Global,Dollar-denominated returns and revenue breakdown by industry,cross_validator
/mnt/c/Users/Manan Sharma/Desktop/Coding projects/Valuation/2. Damodaran_Data/investment_returns/DollarIndia.xls,dataset,investment_returns,DollarIndia,India,Dollar-denominated returns and revenue breakdown by industry,cross_validator
/mnt/c/Users/Manan Sharma/Desktop/Coding projects/Valuation/2. Damodaran_Data/investment_returns/DollarJapan.xls,dataset,investment_returns,DollarJapan,Japan,Dollar-denominated returns and revenue breakdown by industry,cross_validator
/mnt/c/Users/Manan Sharma/Desktop/Coding projects/Valuation/2. Damodaran_Data/investment_returns/DollarRest.xls,dataset,investment_returns,DollarRest,AusNZCanada,Dollar-denominated returns and revenue breakdown by industry,cross_validator
/mnt/c/Users/Manan Sharma/Desktop/Coding projects/Valuation/2. Damodaran_Data/investment_returns/DollarUS.xls,dataset,investment_returns,DollarUS,US,Dollar-denominated returns and revenue breakdown by industry,cross_validator
/mnt/c/Users/Manan Sharma/Desktop/Coding projects/Valuation/2. Damodaran_Data/investment_returns/Dollaremerg.xls,dataset,investment_returns,Dollaremerg,Emerging,Dollar-denominated returns and revenue breakdown by industry,cross_validator
/mnt/c/Users/Manan Sharma/Desktop/Coding projects/Valuation/2. Damodaran_Data/investment_returns/EVA.xls,dataset,investment_returns,EVA,US,Economic value added and excess return metrics by industry,cross_validator
/mnt/c/Users/Manan Sharma/Desktop/Coding projects/Valuation/2. Damodaran_Data/investment_returns/EVAChina.xls,dataset,investment_returns,EVAChina,China,Economic value added and excess return metrics by industry,cross_validator
/mnt/c/Users/Manan Sharma/Desktop/Coding projects/Valuation/2. Damodaran_Data/investment_returns/EVAEurope.xls,dataset,investment_returns,EVAEurope,Europe,Economic value added and excess return metrics by industry,cross_validator
/mnt/c/Users/Manan Sharma/Desktop/Coding projects/Valuation/2. Damodaran_Data/investment_returns/EVAGlobal.xls,dataset,investment_returns,EVAGlobal,Global,Economic value added and excess return metrics by industry,cross_validator
/mnt/c/Users/Manan Sharma/Desktop/Coding projects/Valuation/2. Damodaran_Data/investment_returns/EVAIndia.xls,dataset,investment_returns,EVAIndia,India,Economic value added and excess return metrics by industry,cross_validator
/mnt/c/Users/Manan Sharma/Desktop/Coding projects/Valuation/2. Damodaran_Data/investment_returns/EVAJapan.xls,dataset,investment_returns,EVAJapan,Japan,Economic value added and excess return metrics by industry,cross_validator
/mnt/c/Users/Manan Sharma/Desktop/Coding projects/Valuation/2. Damodaran_Data/investment_returns/EVARest.xls,dataset,investment_returns,EVARest,AusNZCanada,Economic value added and excess return metrics by industry,cross_validator
/mnt/c/Users/Manan Sharma/Desktop/Coding projects/Valuation/2. Damodaran_Data/investment_returns/EVAemerg.xls,dataset,investment_returns,EVAemerg,Emerging,Economic value added and excess return metrics by industry,cross_validator
/mnt/c/Users/Manan Sharma/Desktop/Coding projects/Valuation/2. Damodaran_Data/investment_returns/Employee.xls,dataset,investment_returns,Employee,US,Revenue and income per employee by industry,cross_validator
/mnt/c/Users/Manan Sharma/Desktop/Coding projects/Valuation/2. Damodaran_Data/investment_returns/EmployeeChina.xls,dataset,investment_returns,EmployeeChina,China,Revenue and income per employee by industry,cross_validator
/mnt/c/Users/Manan Sharma/Desktop/Coding projects/Valuation/2. Damodaran_Data/investment_returns/EmployeeEurope.xls,dataset,investment_returns,EmployeeEurope,Europe,Revenue and income per employee by industry,cross_validator
/mnt/c/Users/Manan Sharma/Desktop/Coding projects/Valuation/2. Damodaran_Data/investment_returns/EmployeeGlobal.xls,dataset,investment_returns,EmployeeGlobal,Global,Revenue and income per employee by industry,cross_validator
/mnt/c/Users/Manan Sharma/Desktop/Coding projects/Valuation/2. Damodaran_Data/investment_returns/EmployeeIndia.xls,dataset,investment_returns,EmployeeIndia,India,Revenue and income per employee by industry,cross_validator
/mnt/c/Users/Manan Sharma/Desktop/Coding projects/Valuation/2. Damodaran_Data/investment_returns/EmployeeJapan.xls,dataset,investment_returns,EmployeeJapan,Japan,Revenue and income per employee by industry,cross_validator
/mnt/c/Users/Manan Sharma/Desktop/Coding projects/Valuation/2. Damodaran_Data/investment_returns/EmployeeRest.xls,dataset,investment_returns,EmployeeRest,AusNZCanada,Revenue and income per employee by industry,cross_validator
/mnt/c/Users/Manan Sharma/Desktop/Coding projects/Valuation/2. Damodaran_Data/investment_returns/Employeeemerg.xls,dataset,investment_returns,Employeeemerg,Emerging,Revenue and income per employee by industry,cross_validator
/mnt/c/Users/Manan Sharma/Desktop/Coding projects/Valuation/2. Damodaran_Data/investment_returns/MktCap.xls,dataset,investment_returns,MktCap,US,Market capitalization and enterprise value by industry,cross_validator
/mnt/c/Users/Manan Sharma/Desktop/Coding projects/Valuation/2. Damodaran_Data/investment_returns/MktCapChina.xls,dataset,investment_returns,MktCapChina,China,Market capitalization and enterprise value by industry,cross_validator
/mnt/c/Users/Manan Sharma/Desktop/Coding projects/Valuation/2. Damodaran_Data/investment_returns/MktCapEurope.xls,dataset,investment_returns,MktCapEurope,Europe,Market capitalization and enterprise value by industry,cross_validator
/mnt/c/Users/Manan Sharma/Desktop/Coding projects/Valuation/2. Damodaran_Data/investment_returns/MktCapGlobal.xls,dataset,investment_returns,MktCapGlobal,Global,Market capitalization and enterprise value by industry,cross_validator
/mnt/c/Users/Manan Sharma/Desktop/Coding projects/Valuation/2. Damodaran_Data/investment_returns/MktCapIndia.xls,dataset,investment_returns,MktCapIndia,India,Market capitalization and enterprise value by industry,cross_validator
/mnt/c/Users/Manan Sharma/Desktop/Coding projects/Valuation/2. Damodaran_Data/investment_returns/MktCapJapan.xls,dataset,investment_returns,MktCapJapan,Japan,Market capitalization and enterprise value by industry,cross_validator
/mnt/c/Users/Manan Sharma/Desktop/Coding projects/Valuation/2. Damodaran_Data/investment_returns/MktCapRest.xls,dataset,investment_returns,MktCapRest,AusNZCanada,Market capitalization and enterprise value by industry,cross_validator
/mnt/c/Users/Manan Sharma/Desktop/Coding projects/Valuation/2. Damodaran_Data/investment_returns/MktCapemerg.xls,dataset,investment_returns,MktCapemerg,Emerging,Market capitalization and enterprise value by industry,cross_validator
/mnt/c/Users/Manan Sharma/Desktop/Coding projects/Valuation/2. Damodaran_Data/multiples/countrystats.xls,dataset,multiples,countrystats,Global,Country-level valuation statistics and multiples,relative_engine
/mnt/c/Users/Manan Sharma/Desktop/Coding projects/Valuation/2. Damodaran_Data/multiples/mktcapmult.xlsx,dataset,multiples,mktcapmult,Global,Market cap weighted multiples across regions,relative_engine
/mnt/c/Users/Manan Sharma/Desktop/Coding projects/Valuation/2. Damodaran_Data/multiples/pbvChina.xls,dataset,multiples,pbvChina,China,Price-to-book value ratios by industry,relative_engine
/mnt/c/Users/Manan Sharma/Desktop/Coding projects/Valuation/2. Damodaran_Data/multiples/pbvEurope.xls,dataset,multiples,pbvEurope,Europe,Price-to-book value ratios by industry,relative_engine
/mnt/c/Users/Manan Sharma/Desktop/Coding projects/Valuation/2. Damodaran_Data/multiples/pbvGlobal.xls,dataset,multiples,pbvGlobal,Global,Price-to-book value ratios by industry,relative_engine
/mnt/c/Users/Manan Sharma/Desktop/Coding projects/Valuation/2. Damodaran_Data/multiples/pbvIndia.xls,dataset,multiples,pbvIndia,India,Price-to-book value ratios by industry,relative_engine
/mnt/c/Users/Manan Sharma/Desktop/Coding projects/Valuation/2. Damodaran_Data/multiples/pbvJapan.xls,dataset,multiples,pbvJapan,Japan,Price-to-book value ratios by industry,relative_engine
/mnt/c/Users/Manan Sharma/Desktop/Coding projects/Valuation/2. Damodaran_Data/multiples/pbvRest.xls,dataset,multiples,pbvRest,AusNZCanada,Price-to-book value ratios by industry,relative_engine
/mnt/c/Users/Manan Sharma/Desktop/Coding projects/Valuation/2. Damodaran_Data/multiples/pbvdata.xls,dataset,multiples,pbvdata,US,Price-to-book value ratios by industry,relative_engine
/mnt/c/Users/Manan Sharma/Desktop/Coding projects/Valuation/2. Damodaran_Data/multiples/pbvemerg.xls,dataset,multiples,pbvemerg,Emerging,Price-to-book value ratios by industry,relative_engine
/mnt/c/Users/Manan Sharma/Desktop/Coding projects/Valuation/2. Damodaran_Data/multiples/peChina.xls,dataset,multiples,peChina,China,Price-to-earnings ratios by industry,relative_engine
/mnt/c/Users/Manan Sharma/Desktop/Coding projects/Valuation/2. Damodaran_Data/multiples/peEurope.xls,dataset,multiples,peEurope,Europe,Price-to-earnings ratios by industry,relative_engine
/mnt/c/Users/Manan Sharma/Desktop/Coding projects/Valuation/2. Damodaran_Data/multiples/peGlobal.xls,dataset,multiples,peGlobal,Global,Price-to-earnings ratios by industry,relative_engine
/mnt/c/Users/Manan Sharma/Desktop/Coding projects/Valuation/2. Damodaran_Data/multiples/peIndia.xls,dataset,multiples,peIndia,India,Price-to-earnings ratios by industry,relative_engine
/mnt/c/Users/Manan Sharma/Desktop/Coding projects/Valuation/2. Damodaran_Data/multiples/peJapan.xls,dataset,multiples,peJapan,Japan,Price-to-earnings ratios by industry,relative_engine
/mnt/c/Users/Manan Sharma/Desktop/Coding projects/Valuation/2. Damodaran_Data/multiples/peRest.xls,dataset,multiples,peRest,AusNZCanada,Price-to-earnings ratios by industry,relative_engine
/mnt/c/Users/Manan Sharma/Desktop/Coding projects/Valuation/2. Damodaran_Data/multiples/pedata.xls,dataset,multiples,pedata,US,Price-to-earnings ratios by industry,relative_engine
/mnt/c/Users/Manan Sharma/Desktop/Coding projects/Valuation/2. Damodaran_Data/multiples/peemerg.xls,dataset,multiples,peemerg,Emerging,Price-to-earnings ratios by industry,relative_engine
/mnt/c/Users/Manan Sharma/Desktop/Coding projects/Valuation/2. Damodaran_Data/multiples/psChina.xls,dataset,multiples,psChina,China,Price-to-sales ratios by industry,relative_engine
/mnt/c/Users/Manan Sharma/Desktop/Coding projects/Valuation/2. Damodaran_Data/multiples/psEurope.xls,dataset,multiples,psEurope,Europe,Price-to-sales ratios by industry,relative_engine
/mnt/c/Users/Manan Sharma/Desktop/Coding projects/Valuation/2. Damodaran_Data/multiples/psGlobal.xls,dataset,multiples,psGlobal,Global,Price-to-sales ratios by industry,relative_engine
/mnt/c/Users/Manan Sharma/Desktop/Coding projects/Valuation/2. Damodaran_Data/multiples/psIndia.xls,dataset,multiples,psIndia,India,Price-to-sales ratios by industry,relative_engine
/mnt/c/Users/Manan Sharma/Desktop/Coding projects/Valuation/2. Damodaran_Data/multiples/psJapan.xls,dataset,multiples,psJapan,Japan,Price-to-sales ratios by industry,relative_engine
/mnt/c/Users/Manan Sharma/Desktop/Coding projects/Valuation/2. Damodaran_Data/multiples/psRest.xls,dataset,multiples,psRest,AusNZCanada,Price-to-sales ratios by industry,relative_engine
/mnt/c/Users/Manan Sharma/Desktop/Coding projects/Valuation/2. Damodaran_Data/multiples/psdata.xls,dataset,multiples,psdata,US,Price-to-sales ratios by industry,relative_engine
/mnt/c/Users/Manan Sharma/Desktop/Coding projects/Valuation/2. Damodaran_Data/multiples/psemerg.xls,dataset,multiples,psemerg,Emerging,Price-to-sales ratios by industry,relative_engine
/mnt/c/Users/Manan Sharma/Desktop/Coding projects/Valuation/2. Damodaran_Data/multiples/vebitda.xls,dataset,multiples,vebitda,US,EV/EBITDA multiples by industry,relative_engine
/mnt/c/Users/Manan Sharma/Desktop/Coding projects/Valuation/2. Damodaran_Data/multiples/vebitdaChina.xls,dataset,multiples,vebitdaChina,China,EV/EBITDA multiples by industry,relative_engine
/mnt/c/Users/Manan Sharma/Desktop/Coding projects/Valuation/2. Damodaran_Data/multiples/vebitdaEurope.xls,dataset,multiples,vebitdaEurope,Europe,EV/EBITDA multiples by industry,relative_engine
/mnt/c/Users/Manan Sharma/Desktop/Coding projects/Valuation/2. Damodaran_Data/multiples/vebitdaGlobal.xls,dataset,multiples,vebitdaGlobal,Global,EV/EBITDA multiples by industry,relative_engine
/mnt/c/Users/Manan Sharma/Desktop/Coding projects/Valuation/2. Damodaran_Data/multiples/vebitdaIndia.xls,dataset,multiples,vebitdaIndia,India,EV/EBITDA multiples by industry,relative_engine
/mnt/c/Users/Manan Sharma/Desktop/Coding projects/Valuation/2. Damodaran_Data/multiples/vebitdaJapan.xls,dataset,multiples,vebitdaJapan,Japan,EV/EBITDA multiples by industry,relative_engine
/mnt/c/Users/Manan Sharma/Desktop/Coding projects/Valuation/2. Damodaran_Data/multiples/vebitdaRest.xls,dataset,multiples,vebitdaRest,AusNZCanada,EV/EBITDA multiples by industry,relative_engine
/mnt/c/Users/Manan Sharma/Desktop/Coding projects/Valuation/2. Damodaran_Data/multiples/vebitdaemerg.xls,dataset,multiples,vebitdaemerg,Emerging,EV/EBITDA multiples by industry,relative_engine
/mnt/c/Users/Manan Sharma/Desktop/Coding projects/Valuation/2. Damodaran_Data/option_pricing/optvar.xls,dataset,option_pricing,optvar,US,Option pricing variables - variance and standard deviation by industry,future_v2
/mnt/c/Users/Manan Sharma/Desktop/Coding projects/Valuation/2. Damodaran_Data/option_pricing/optvarChina.xls,dataset,option_pricing,optvarChina,China,Option pricing variables - variance and standard deviation by industry,future_v2
/mnt/c/Users/Manan Sharma/Desktop/Coding projects/Valuation/2. Damodaran_Data/option_pricing/optvarEurope.xls,dataset,option_pricing,optvarEurope,Europe,Option pricing variables - variance and standard deviation by industry,future_v2
/mnt/c/Users/Manan Sharma/Desktop/Coding projects/Valuation/2. Damodaran_Data/option_pricing/optvarGlobal.xls,dataset,option_pricing,optvarGlobal,Global,Option pricing variables - variance and standard deviation by industry,future_v2
/mnt/c/Users/Manan Sharma/Desktop/Coding projects/Valuation/2. Damodaran_Data/option_pricing/optvarIndia.xls,dataset,option_pricing,optvarIndia,India,Option pricing variables - variance and standard deviation by industry,future_v2
/mnt/c/Users/Manan Sharma/Desktop/Coding projects/Valuation/2. Damodaran_Data/option_pricing/optvarJapan.xls,dataset,option_pricing,optvarJapan,Japan,Option pricing variables - variance and standard deviation by industry,future_v2
/mnt/c/Users/Manan Sharma/Desktop/Coding projects/Valuation/2. Damodaran_Data/option_pricing/optvarRest.xls,dataset,option_pricing,optvarRest,AusNZCanada,Option pricing variables - variance and standard deviation by industry,future_v2
/mnt/c/Users/Manan Sharma/Desktop/Coding projects/Valuation/2. Damodaran_Data/option_pricing/optvaremerg.xls,dataset,option_pricing,optvaremerg,Emerging,Option pricing variables - variance and standard deviation by industry,future_v2
/mnt/c/Users/Manan Sharma/Desktop/Coding projects/Valuation/2. Damodaran_Data/risk_discount_rate/betaChina.xls,dataset,risk_discount_rate,betaChina,China,Levered and unlevered betas by industry,risk_assessor
/mnt/c/Users/Manan Sharma/Desktop/Coding projects/Valuation/2. Damodaran_Data/risk_discount_rate/betaEurope.xls,dataset,risk_discount_rate,betaEurope,Europe,Levered and unlevered betas by industry,risk_assessor
/mnt/c/Users/Manan Sharma/Desktop/Coding projects/Valuation/2. Damodaran_Data/risk_discount_rate/betaGlobal.xls,dataset,risk_discount_rate,betaGlobal,Global,Levered and unlevered betas by industry,risk_assessor
/mnt/c/Users/Manan Sharma/Desktop/Coding projects/Valuation/2. Damodaran_Data/risk_discount_rate/betaIndia.xls,dataset,risk_discount_rate,betaIndia,India,Levered and unlevered betas by industry,risk_assessor
/mnt/c/Users/Manan Sharma/Desktop/Coding projects/Valuation/2. Damodaran_Data/risk_discount_rate/betaJapan.xls,dataset,risk_discount_rate,betaJapan,Japan,Levered and unlevered betas by industry,risk_assessor
/mnt/c/Users/Manan Sharma/Desktop/Coding projects/Valuation/2. Damodaran_Data/risk_discount_rate/betaRest.xls,dataset,risk_discount_rate,betaRest,AusNZCanada,Levered and unlevered betas by industry,risk_assessor
/mnt/c/Users/Manan Sharma/Desktop/Coding projects/Valuation/2. Damodaran_Data/risk_discount_rate/betaemerg.xls,dataset,risk_discount_rate,betaemerg,Emerging,Levered and unlevered betas by industry,risk_assessor
/mnt/c/Users/Manan Sharma/Desktop/Coding projects/Valuation/2. Damodaran_Data/risk_discount_rate/betas.xls,dataset,risk_discount_rate,betas,US,Levered and unlevered betas by industry,risk_assessor
/mnt/c/Users/Manan Sharma/Desktop/Coding projects/Valuation/2. Damodaran_Data/risk_discount_rate/countrytaxrates.xls,dataset,risk_discount_rate,countrytaxrates,Global,Marginal and effective tax rates by country,risk_assessor
/mnt/c/Users/Manan Sharma/Desktop/Coding projects/Valuation/2. Damodaran_Data/risk_discount_rate/ctryprem.xlsx,dataset,risk_discount_rate,ctryprem,Global,Country risk premiums for equity valuation (latest),risk_assessor
/mnt/c/Users/Manan Sharma/Desktop/Coding projects/Valuation/2. Damodaran_Data/risk_discount_rate/ctrypremApr26.xlsx,dataset,risk_discount_rate,ctrypremApr26,Global,Country risk premiums for equity valuation (April 2026 update),risk_assessor
/mnt/c/Users/Manan Sharma/Desktop/Coding projects/Valuation/2. Damodaran_Data/risk_discount_rate/ctrypremJuly25.xlsx,dataset,risk_discount_rate,ctrypremJuly25,Global,Country risk premiums for equity valuation (July 2025 update),risk_assessor
/mnt/c/Users/Manan Sharma/Desktop/Coding projects/Valuation/2. Damodaran_Data/risk_discount_rate/histimpl.xls,dataset,risk_discount_rate,histimpl,US,Historical implied equity risk premiums for US market,risk_assessor
/mnt/c/Users/Manan Sharma/Desktop/Coding projects/Valuation/2. Damodaran_Data/risk_discount_rate/histretSP.xls,dataset,risk_discount_rate,histretSP,US,Historical returns on S&P 500 stocks bonds and bills,risk_assessor
/mnt/c/Users/Manan Sharma/Desktop/Coding projects/Valuation/2. Damodaran_Data/risk_discount_rate/mktcaprisk.xlsx,dataset,risk_discount_rate,mktcaprisk,Global,Market cap weighted risk parameters across regions,risk_assessor
/mnt/c/Users/Manan Sharma/Desktop/Coding projects/Valuation/2. Damodaran_Data/risk_discount_rate/taxrate.xls,dataset,risk_discount_rate,taxrate,US,Effective tax rates by industry,risk_assessor
/mnt/c/Users/Manan Sharma/Desktop/Coding projects/Valuation/2. Damodaran_Data/risk_discount_rate/taxrateChina.xls,dataset,risk_discount_rate,taxrateChina,China,Effective tax rates by industry,risk_assessor
/mnt/c/Users/Manan Sharma/Desktop/Coding projects/Valuation/2. Damodaran_Data/risk_discount_rate/taxrateEurope.xls,dataset,risk_discount_rate,taxrateEurope,Europe,Effective tax rates by industry,risk_assessor
/mnt/c/Users/Manan Sharma/Desktop/Coding projects/Valuation/2. Damodaran_Data/risk_discount_rate/taxrateGlobal.xls,dataset,risk_discount_rate,taxrateGlobal,Global,Effective tax rates by industry,risk_assessor
/mnt/c/Users/Manan Sharma/Desktop/Coding projects/Valuation/2. Damodaran_Data/risk_discount_rate/taxrateIndia.xls,dataset,risk_discount_rate,taxrateIndia,India,Effective tax rates by industry,risk_assessor
/mnt/c/Users/Manan Sharma/Desktop/Coding projects/Valuation/2. Damodaran_Data/risk_discount_rate/taxrateJapan.xls,dataset,risk_discount_rate,taxrateJapan,Japan,Effective tax rates by industry,risk_assessor
/mnt/c/Users/Manan Sharma/Desktop/Coding projects/Valuation/2. Damodaran_Data/risk_discount_rate/taxrateRest.xls,dataset,risk_discount_rate,taxrateRest,AusNZCanada,Effective tax rates by industry,risk_assessor
/mnt/c/Users/Manan Sharma/Desktop/Coding projects/Valuation/2. Damodaran_Data/risk_discount_rate/taxrateemerg.xls,dataset,risk_discount_rate,taxrateemerg,Emerging,Effective tax rates by industry,risk_assessor
/mnt/c/Users/Manan Sharma/Desktop/Coding projects/Valuation/2. Damodaran_Data/risk_discount_rate/totalbeta.xls,dataset,risk_discount_rate,totalbeta,US,Total beta (including unsystematic risk) by industry,risk_assessor
/mnt/c/Users/Manan Sharma/Desktop/Coding projects/Valuation/2. Damodaran_Data/risk_discount_rate/totalbetaChina.xls,dataset,risk_discount_rate,totalbetaChina,China,Total beta (including unsystematic risk) by industry,risk_assessor
/mnt/c/Users/Manan Sharma/Desktop/Coding projects/Valuation/2. Damodaran_Data/risk_discount_rate/totalbetaEurope.xls,dataset,risk_discount_rate,totalbetaEurope,Europe,Total beta (including unsystematic risk) by industry,risk_assessor
/mnt/c/Users/Manan Sharma/Desktop/Coding projects/Valuation/2. Damodaran_Data/risk_discount_rate/totalbetaGlobal.xls,dataset,risk_discount_rate,totalbetaGlobal,Global,Total beta (including unsystematic risk) by industry,risk_assessor
/mnt/c/Users/Manan Sharma/Desktop/Coding projects/Valuation/2. Damodaran_Data/risk_discount_rate/totalbetaIndia.xls,dataset,risk_discount_rate,totalbetaIndia,India,Total beta (including unsystematic risk) by industry,risk_assessor
/mnt/c/Users/Manan Sharma/Desktop/Coding projects/Valuation/2. Damodaran_Data/risk_discount_rate/totalbetaJapan.xls,dataset,risk_discount_rate,totalbetaJapan,Japan,Total beta (including unsystematic risk) by industry,risk_assessor
/mnt/c/Users/Manan Sharma/Desktop/Coding projects/Valuation/2. Damodaran_Data/risk_discount_rate/totalbetaRest.xls,dataset,risk_discount_rate,totalbetaRest,AusNZCanada,Total beta (including unsystematic risk) by industry,risk_assessor
/mnt/c/Users/Manan Sharma/Desktop/Coding projects/Valuation/2. Damodaran_Data/risk_discount_rate/totalbetaemerg.xls,dataset,risk_discount_rate,totalbetaemerg,Emerging,Total beta (including unsystematic risk) by industry,risk_assessor
/mnt/c/Users/Manan Sharma/Desktop/Coding projects/Valuation/2. Damodaran_Data/risk_discount_rate/wacc.xls,dataset,risk_discount_rate,wacc,US,Weighted average cost of capital by industry,risk_assessor
/mnt/c/Users/Manan Sharma/Desktop/Coding projects/Valuation/2. Damodaran_Data/risk_discount_rate/waccChina.xls,dataset,risk_discount_rate,waccChina,China,Weighted average cost of capital by industry,risk_assessor
/mnt/c/Users/Manan Sharma/Desktop/Coding projects/Valuation/2. Damodaran_Data/risk_discount_rate/waccEurope.xls,dataset,risk_discount_rate,waccEurope,Europe,Weighted average cost of capital by industry,risk_assessor
/mnt/c/Users/Manan Sharma/Desktop/Coding projects/Valuation/2. Damodaran_Data/risk_discount_rate/waccGlobal.xls,dataset,risk_discount_rate,waccGlobal,Global,Weighted average cost of capital by industry,risk_assessor
/mnt/c/Users/Manan Sharma/Desktop/Coding projects/Valuation/2. Damodaran_Data/risk_discount_rate/waccIndia.xls,dataset,risk_discount_rate,waccIndia,India,Weighted average cost of capital by industry,risk_assessor
/mnt/c/Users/Manan Sharma/Desktop/Coding projects/Valuation/2. Damodaran_Data/risk_discount_rate/waccJapan.xls,dataset,risk_discount_rate,waccJapan,Japan,Weighted average cost of capital by industry,risk_assessor
/mnt/c/Users/Manan Sharma/Desktop/Coding projects/Valuation/2. Damodaran_Data/risk_discount_rate/waccRest.xls,dataset,risk_discount_rate,waccRest,AusNZCanada,Weighted average cost of capital by industry,risk_assessor
/mnt/c/Users/Manan Sharma/Desktop/Coding projects/Valuation/2. Damodaran_Data/risk_discount_rate/waccemerg.xls,dataset,risk_discount_rate,waccemerg,Emerging,Weighted average cost of capital by industry,risk_assessor
/mnt/c/Users/Manan Sharma/Desktop/Coding projects/Valuation/3. Valuation examples/3Mpostcrisis.xls,example,valuation_example,3Mpostcrisis,US,3M valuation model - post financial crisis,golden_tests
/mnt/c/Users/Manan Sharma/Desktop/Coding projects/Valuation/3. Valuation examples/3Mprecrisis.xls,example,valuation_example,3Mprecrisis,US,3M valuation model - pre financial crisis,golden_tests
/mnt/c/Users/Manan Sharma/Desktop/Coding projects/Valuation/3. Valuation examples/AmazonSept18 (1).xlsx,example,valuation_example,AmazonSept18 (1),US,Amazon valuation model September 2018 (duplicate),golden_tests
/mnt/c/Users/Manan Sharma/Desktop/Coding projects/Valuation/3. Valuation examples/AmazonSept18.xlsx,example,valuation_example,AmazonSept18,US,Amazon valuation model September 2018,golden_tests
/mnt/c/Users/Manan Sharma/Desktop/Coding projects/Valuation/3. Valuation examples/AramcoIPO.xlsx,example,valuation_example,AramcoIPO,Emerging,Saudi Aramco IPO valuation model,golden_tests
/mnt/c/Users/Manan Sharma/Desktop/Coding projects/Valuation/3. Valuation examples/CIBEgypt2016.xls,example,valuation_example,CIBEgypt2016,Emerging,Commercial International Bank Egypt valuation 2016,golden_tests
/mnt/c/Users/Manan Sharma/Desktop/Coding projects/Valuation/3. Valuation examples/DBk09.xls,example,valuation_example,DBk09,Europe,Deutsche Bank valuation model 2009,golden_tests
/mnt/c/Users/Manan Sharma/Desktop/Coding projects/Valuation/3. Valuation examples/LVS (1).xls,example,valuation_example,LVS (1),US,Las Vegas Sands valuation model (duplicate),golden_tests
/mnt/c/Users/Manan Sharma/Desktop/Coding projects/Valuation/3. Valuation examples/LVS.xls,example,valuation_example,LVS,US,Las Vegas Sands valuation model,golden_tests
/mnt/c/Users/Manan Sharma/Desktop/Coding projects/Valuation/3. Valuation examples/amazon2000.xls,example,valuation_example,amazon2000,US,Amazon valuation model circa 2000 (dot-com era),golden_tests
/mnt/c/Users/Manan Sharma/Desktop/Coding projects/Valuation/3. Valuation examples/amazon2001.xls,example,valuation_example,amazon2001,US,Amazon valuation model 2001 post dot-com bust,golden_tests
/mnt/c/Users/Manan Sharma/Desktop/Coding projects/Valuation/3. Valuation examples/amgen (1).xls,example,valuation_example,amgen (1),US,Amgen pharmaceutical valuation model (duplicate),golden_tests
/mnt/c/Users/Manan Sharma/Desktop/Coding projects/Valuation/3. Valuation examples/amgen.xls,example,valuation_example,amgen,US,Amgen pharmaceutical valuation model,golden_tests
/mnt/c/Users/Manan Sharma/Desktop/Coding projects/Valuation/3. Valuation examples/coned08.xls,example,valuation_example,coned08,US,Consolidated Edison utility valuation 2008,golden_tests
/mnt/c/Users/Manan Sharma/Desktop/Coding projects/Valuation/3. Valuation examples/exxon09 (1).xls,example,valuation_example,exxon09 (1),US,ExxonMobil valuation model 2009 (duplicate),golden_tests
/mnt/c/Users/Manan Sharma/Desktop/Coding projects/Valuation/3. Valuation examples/exxon09.xls,example,valuation_example,exxon09,US,ExxonMobil valuation model 2009,golden_tests
/mnt/c/Users/Manan Sharma/Desktop/Coding projects/Valuation/3. Valuation examples/goldman.xls,example,valuation_example,goldman,US,Goldman Sachs financial services valuation model,golden_tests
/mnt/c/Users/Manan Sharma/Desktop/Coding projects/Valuation/3. Valuation examples/hormel.xls,example,valuation_example,hormel,US,Hormel Foods consumer staples valuation model,golden_tests
/mnt/c/Users/Manan Sharma/Desktop/Coding projects/Valuation/3. Valuation examples/sears.xls,example,valuation_example,sears,US,Sears distressed retail valuation model,golden_tests
/mnt/c/Users/Manan Sharma/Desktop/Coding projects/Valuation/3. Valuation examples/sp500.xlsx,example,valuation_example,sp500,US,S&P 500 index-level valuation data,golden_tests
/mnt/c/Users/Manan Sharma/Desktop/Coding projects/Valuation/3. Valuation examples/sp500fcf.xlsx,example,valuation_example,sp500fcf,US,S&P 500 free cash flow based valuation,golden_tests
/mnt/c/Users/Manan Sharma/Desktop/Coding projects/Valuation/3. Valuation examples/sp500fcfwithfundgr.xlsx,example,valuation_example,sp500fcfwithfundgr,US,S&P 500 FCF valuation with fundamental growth rates,golden_tests
/mnt/c/Users/Manan Sharma/Desktop/Coding projects/Valuation/3. Valuation examples/tatachemicals.xls,example,valuation_example,tatachemicals,India,Tata Chemicals valuation model,golden_tests
/mnt/c/Users/Manan Sharma/Desktop/Coding projects/Valuation/3. Valuation examples/tatamotors.xls,example,valuation_example,tatamotors,India,Tata Motors automotive valuation model,golden_tests
/mnt/c/Users/Manan Sharma/Desktop/Coding projects/Valuation/3. Valuation examples/tatasteel (1).xls,example,valuation_example,tatasteel (1),India,Tata Steel valuation model (duplicate),golden_tests
/mnt/c/Users/Manan Sharma/Desktop/Coding projects/Valuation/3. Valuation examples/tatasteel.xls,example,valuation_example,tatasteel,India,Tata Steel valuation model,golden_tests
/mnt/c/Users/Manan Sharma/Desktop/Coding projects/Valuation/3. Valuation examples/tcs (1).xls,example,valuation_example,tcs (1),India,Tata Consultancy Services valuation model (duplicate),golden_tests
/mnt/c/Users/Manan Sharma/Desktop/Coding projects/Valuation/3. Valuation examples/tcs.xls,example,valuation_example,tcs,India,Tata Consultancy Services IT services valuation model,golden_tests
/mnt/c/Users/Manan Sharma/Desktop/Coding projects/Valuation/3. Valuation examples/toyota (1).xls,example,valuation_example,toyota (1),Japan,Toyota Motor Corporation valuation model (duplicate),golden_tests
/mnt/c/Users/Manan Sharma/Desktop/Coding projects/Valuation/3. Valuation examples/toyota.xls,example,valuation_example,toyota,Japan,Toyota Motor Corporation automotive valuation model,golden_tests
/mnt/c/Users/Manan Sharma/Desktop/Coding projects/Valuation/3. Valuation examples/tubeInv.xls,example,valuation_example,tubeInv,India,Tube Investments of India valuation model,golden_tests
/mnt/c/Users/Manan Sharma/Desktop/Coding projects/Valuation/3. Valuation examples/tubeInvHigAvgReturn.xls,example,valuation_example,tubeInvHigAvgReturn,India,Tube Investments valuation with higher average return scenario,golden_tests
/mnt/c/Users/Manan Sharma/Desktop/Coding projects/Valuation/3. Valuation examples/tubeInvHigherMgRet.xls,example,valuation_example,tubeInvHigherMgRet,India,Tube Investments valuation with higher management return scenario,golden_tests
/mnt/c/Users/Manan Sharma/Desktop/Coding projects/Valuation/3. Valuation examples/wellsfargo2008 (1).xls,example,valuation_example,wellsfargo2008 (1),US,Wells Fargo bank valuation 2008 financial crisis (duplicate),golden_tests
/mnt/c/Users/Manan Sharma/Desktop/Coding projects/Valuation/3. Valuation examples/wellsfargo2008.xls,example,valuation_example,wellsfargo2008,US,Wells Fargo bank valuation 2008 financial crisis,golden_tests
